<?xml version='1.0' encoding='utf-8'?>
<gmd:MD_Metadata xmlns:gco="http://www.isotc211.org/2005/gco" xmlns:gmd="http://www.isotc211.org/2005/gmd">
    <gmd:fileIdentifier>
        <gco:CharacterString>{0B160C18-B766-4CB5-B7E0-C15FD694BA76}</gco:CharacterString>
    </gmd:fileIdentifier>
    <gmd:language>
        <gco:CharacterString>fr</gco:CharacterString>
    </gmd:language>
    <gmd:hierarchyLevel>
        <gmd:MD_ScopeCode codeList="http://www.isotc211.org/2005/resources/Codelist/gmxCodelists.xml#MD_ScopeCode" codeListValue="tile" codeSpace="ISOTC211/19115">tile</gmd:MD_ScopeCode>
    </gmd:hierarchyLevel>
    <gmd:contact>
        <gmd:CI_ResponsibleParty>
            <gmd:organisationName>
                <gco:CharacterString>ANAT/DTGC</gco:CharacterString>
            </gmd:organisationName>
            <gmd:contactInfo>
                <gmd:CI_Contact>
                    <gmd:address>
                        <gmd:CI_Address>
                            <gmd:electronicMailAddress>
                                <gco:CharacterString>contact@anat.sn</gco:CharacterString>
                            </gmd:electronicMailAddress>
                        </gmd:CI_Address>
                    </gmd:address>
                </gmd:CI_Contact>
            </gmd:contactInfo>
            <gmd:role>
                <gmd:CI_RoleCode codeList="http://www.isotc211.org/2005/resources/Codelist/gmxCodelists.xml#CI_RoleCode" codeListValue="pointOfContact" codeSpace="ISOTC211/19115">pointOfContact</gmd:CI_RoleCode>
            </gmd:role>
        </gmd:CI_ResponsibleParty>
    </gmd:contact>
    <gmd:dateStamp>
        <gco:Date>2015-02-26</gco:Date>
    </gmd:dateStamp>
    <gmd:metadataStandardName>
        <gco:CharacterString>ISO 19139/19115 Metadata for Datasets</gco:CharacterString>
    </gmd:metadataStandardName>
    <gmd:metadataStandardVersion>
        <gco:CharacterString>2003</gco:CharacterString>
    </gmd:metadataStandardVersion>
    <gmd:referenceSystemInfo>
        <gmd:MD_ReferenceSystem>
            <gmd:referenceSystemIdentifier>
                <gmd:RS_Identifier>
                    <gmd:code>
                        <gco:CharacterString>EPSG::32628</gco:CharacterString>
                    </gmd:code>
                    <gmd:codeSpace>
                        <gco:CharacterString>http://www.epsg-registry.org/</gco:CharacterString>
                    </gmd:codeSpace>
                </gmd:RS_Identifier>
            </gmd:referenceSystemIdentifier>
        </gmd:MD_ReferenceSystem>
    </gmd:referenceSystemInfo>
    <gmd:identificationInfo>
        <gmd:MD_DataIdentification>
            <gmd:citation>
                <gmd:CI_Citation>
                    <gmd:title>
                        <gco:CharacterString>Données topographiques vectorielles (SHP) de la feuille Kossanto, numéro ND-29-VII</gco:CharacterString>
                    </gmd:title>
                    <gmd:date>
                        <gmd:CI_Date>
                            <gmd:date>
                                <gco:Date>2015</gco:Date>
                            </gmd:date>
                            <gmd:dateType>
                                <gmd:CI_DateTypeCode codeList="http://www.isotc211.org/2005/resources/Codelist/gmxCodelists.xml#CI_DateTypeCode" codeListValue="publication" codeSpace="ISOTC211/19115">publication</gmd:CI_DateTypeCode>
                            </gmd:dateType>
                        </gmd:CI_Date>
                    </gmd:date>
                </gmd:CI_Citation>
            </gmd:citation>
            <gmd:abstract>
                <gco:CharacterString>La Base de données géospatiales prioritaires du Sénégal (BaseGéo) à l’échelle 1 / 200 000 est le résultat d’une normalisation des données existantes vers un modèle de données basées sur des normes internationales ISO TC 211 ayant comme but de fournir des couches de données continues et normalisées sur l’ensemble du Sénégal. Le pays est couvert par 29 feuillets cartographiques représentant des tuiles de 1° x 1°. : L’ANAT/DTGC a la responsabilté de créer et maintenir à jour ces produits numériques de référence topographique. Ces données servent entre autres à la production de cartes thématiques, de cartes en ligne (« Web Mapping ») et sont aussi d’une grande utilité aux usagers des systèmes d’information géographique (SIG). Grâce à ses nombreux attributs, ces données permettent des analyses spatiales approfondies. La BaseGéo à l’échelle 1 / 200 000 est dérivée de la série de cartes topographiques SEN 200, publiée en 2008, qui avaient été produites à partir d’images des satellites Spot et Landsat et validé par  des travaux de terrain effectués entre 2005 et 2008. La BaseGéo à l’échelle 1 / 200 000 est composée de plus de 50 entités topographiques qui ont été regroupées dans les thèmes suivants : bâtiments et structures, énergie, relief et formes, hydrographie, zones industrielles et commerciales, limites administratives, lieux d’intérêt, toponymie, transport et végétation. La BaseGéo à l’échelle 1 / 200 000 vise la représentation normalisée et actualisée des phénomènes topographiques pour l’ensemble du Sénégal. Les données sont distribuées gratuitement par l’entremise du portail de distribution des données de l’ANAT/DTGC (http://www.basegeo.gouv.sn/) dans les formats de fichiers de sortie KML (« Keyhole Markup Language ») et SHAPE (ESRI™).</gco:CharacterString>
            </gmd:abstract>
            <gmd:pointOfContact>
                <gmd:CI_ResponsibleParty>
                    <gmd:individualName>
                        <gco:CharacterString>Directeur de la DTGC</gco:CharacterString>
                    </gmd:individualName>
                    <gmd:organisationName>
                        <gco:CharacterString>DTGC</gco:CharacterString>
                    </gmd:organisationName>
                    <gmd:positionName>
                        <gco:CharacterString>Chef du département Géodésie</gco:CharacterString>
                    </gmd:positionName>
                    <gmd:contactInfo>
                        <gmd:CI_Contact>
                            <gmd:phone>
                                <gmd:CI_Telephone>
                                    <gmd:voice>
                                        <gco:CharacterString>+221 705098903</gco:CharacterString>
                                    </gmd:voice>
                                    <gmd:facsimile>
                                        <gco:CharacterString>33 832.11.81</gco:CharacterString>
                                    </gmd:facsimile>
                                </gmd:CI_Telephone>
                            </gmd:phone>
                            <gmd:address>
                                <gmd:CI_Address>
                                    <gmd:deliveryPoint>
                                        <gco:CharacterString>DTGC Route du Service Géographique Hann, enceinte du journal le Soleil</gco:CharacterString>
                                    </gmd:deliveryPoint>
                                    <gmd:city>
                                        <gco:CharacterString>Dakar</gco:CharacterString>
                                    </gmd:city>
                                    <gmd:administrativeArea>
                                        <gco:CharacterString>Dakar</gco:CharacterString>
                                    </gmd:administrativeArea>
                                    <gmd:postalCode>
                                        <gco:CharacterString>B.P. 740</gco:CharacterString>
                                    </gmd:postalCode>
                                    <gmd:country>
                                        <gco:CharacterString>SENEGAL</gco:CharacterString>
                                    </gmd:country>
                                    <gmd:electronicMailAddress>
                                        <gco:CharacterString>mamadou.thiam@anat.sn</gco:CharacterString>
                                    </gmd:electronicMailAddress>
                                </gmd:CI_Address>
                            </gmd:address>
                        </gmd:CI_Contact>
                    </gmd:contactInfo>
                    <gmd:role>
                        <gmd:CI_RoleCode codeList="http://www.isotc211.org/2005/resources/Codelist/gmxCodelists.xml#CI_RoleCode" codeListValue="pointOfContact" codeSpace="ISOTC211/19115">pointOfContact</gmd:CI_RoleCode>
                    </gmd:role>
                </gmd:CI_ResponsibleParty>
            </gmd:pointOfContact>
            <gmd:graphicOverview>
                <gmd:MD_BrowseGraphic>
                    <gmd:fileName>
                        <gco:CharacterString />
                    </gmd:fileName>
                </gmd:MD_BrowseGraphic>
            </gmd:graphicOverview>
            <gmd:descriptiveKeywords>
                <gmd:MD_Keywords>
                    <gmd:keyword>
                        <gco:CharacterString>agriculture &gt; produits des plantes &gt; produits de grande culture</gco:CharacterString>
                    </gmd:keyword>
                    <gmd:keyword>
                        <gco:CharacterString>aspects humains &gt; infrastructure</gco:CharacterString>
                    </gmd:keyword>
                    <gmd:keyword>
                        <gco:CharacterString>aspects humains &gt; limites &gt; divisions administratives</gco:CharacterString>
                    </gmd:keyword>
                    <gmd:keyword>
                        <gco:CharacterString>aspects humains &gt; infrastructure &gt; bâtiments</gco:CharacterString>
                    </gmd:keyword>
                    <gmd:keyword>
                        <gco:CharacterString>aspects humains &gt; infrastructure &gt; communications</gco:CharacterString>
                    </gmd:keyword>
                    <gmd:keyword>
                        <gco:CharacterString>aspects humains &gt; infrastructure &gt; entités culturelles</gco:CharacterString>
                    </gmd:keyword>
                    <gmd:keyword>
                        <gco:CharacterString>aspects humains &gt; infrastructure &gt; transport</gco:CharacterString>
                    </gmd:keyword>
                    <gmd:keyword>
                        <gco:CharacterString>aspects humains &gt; infrastructure &gt; électricité</gco:CharacterString>
                    </gmd:keyword>
                    <gmd:keyword>
                        <gco:CharacterString>aspects humains &gt; infrastructure &gt; pipelines</gco:CharacterString>
                    </gmd:keyword>
                    <gmd:keyword>
                        <gco:CharacterString>surface terrestre &gt; topographie</gco:CharacterString>
                    </gmd:keyword>
                    <gmd:keyword>
                        <gco:CharacterString>surface terrestre &gt; topographie &gt; courbes</gco:CharacterString>
                    </gmd:keyword>
                    <gmd:keyword>
                        <gco:CharacterString>hydrosphère &gt; eau de surface &gt; lacs</gco:CharacterString>
                    </gmd:keyword>
                    <gmd:keyword>
                        <gco:CharacterString>hydrosphère &gt; eau de surface &gt; rivières/cours d&amp;apos;eau</gco:CharacterString>
                    </gmd:keyword>
                    <gmd:keyword>
                        <gco:CharacterString>hydrosphère &gt; eau de surface &gt; milieux humides</gco:CharacterString>
                    </gmd:keyword>
                    <gmd:keyword>
                        <gco:CharacterString>océans &gt; bathymétrie/topographie du fond marin &gt; bathymétrie</gco:CharacterString>
                    </gmd:keyword>
                    <gmd:keyword>
                        <gco:CharacterString>surface terrestre &gt; géomorphologie &gt; forme du relief/processus éoliens</gco:CharacterString>
                    </gmd:keyword>
                    <gmd:keyword>
                        <gco:CharacterString>surface terrestre &gt; topographie &gt; altitude du relief</gco:CharacterString>
                    </gmd:keyword>
                    <gmd:keyword>
                        <gco:CharacterString>surface terrestre &gt; utilisation/couverture des terres</gco:CharacterString>
                    </gmd:keyword>
                    <gmd:keyword>
                        <gco:CharacterString>surface terrestre &gt; topographie &gt; formes de relief</gco:CharacterString>
                    </gmd:keyword>
                    <gmd:keyword>
                        <gco:CharacterString>surface terrestre &gt; topographie &gt; élévation du terrain</gco:CharacterString>
                    </gmd:keyword>
                    <gmd:keyword>
                        <gco:CharacterString>surface terrestre &gt; topographie &gt; relief topographique</gco:CharacterString>
                    </gmd:keyword>
                    <gmd:keyword>
                        <gco:CharacterString>biosphère &gt; végétation</gco:CharacterString>
                    </gmd:keyword>
                    <gmd:type>
                        <gmd:MD_KeywordTypeCode codeList="http://www.isotc211.org/2005/resources/Codelist/gmxCodelists.xml#MD_KeywordTypeCode" codeListValue="theme" codeSpace="ISOTC211/19115">theme</gmd:MD_KeywordTypeCode>
                    </gmd:type>
                    <gmd:thesaurusName>
                        <gmd:CI_Citation>
                            <gmd:title>
                                <gco:CharacterString>Traduction française des thèmes du Global Change Master Directory</gco:CharacterString>
                            </gmd:title>
                            <gmd:date>
                                <gmd:CI_Date>
                                    <gmd:date>
                                        <gco:Date>2014-12-05</gco:Date>
                                    </gmd:date>
                                    <gmd:dateType>
                                        <gmd:CI_DateTypeCode codeList="http://www.isotc211.org/2005/resources/Codelist/gmxCodelists.xml#CI_DateTypeCode" codeListValue="publication" codeSpace="ISOTC211/19115">publication</gmd:CI_DateTypeCode>
                                    </gmd:dateType>
                                </gmd:CI_Date>
                            </gmd:date>
                        </gmd:CI_Citation>
                    </gmd:thesaurusName>
                </gmd:MD_Keywords>
            </gmd:descriptiveKeywords>
            <gmd:spatialRepresentationType>
                <gmd:MD_SpatialRepresentationTypeCode codeList="http://www.isotc211.org/2005/resources/Codelist/gmxCodelists.xml#MD_SpatialRepresentationTypeCode" codeListValue="vector" codeSpace="ISOTC211/19115">vector</gmd:MD_SpatialRepresentationTypeCode>
            </gmd:spatialRepresentationType>
            <gmd:spatialResolution>
                <gmd:MD_Resolution>
                    <gmd:equivalentScale>
                        <gmd:MD_RepresentativeFraction>
                            <gmd:denominator>
                                <gco:Integer>200000</gco:Integer>
                            </gmd:denominator>
                        </gmd:MD_RepresentativeFraction>
                    </gmd:equivalentScale>
                </gmd:MD_Resolution>
            </gmd:spatialResolution>
            <gmd:language>
                <gco:CharacterString>fr</gco:CharacterString>
            </gmd:language>
            <gmd:topicCategory>
                <gmd:MD_TopicCategoryCode>boundaries</gmd:MD_TopicCategoryCode>
            </gmd:topicCategory>
            <gmd:topicCategory>
                <gmd:MD_TopicCategoryCode>farming</gmd:MD_TopicCategoryCode>
            </gmd:topicCategory>
            <gmd:topicCategory>
                <gmd:MD_TopicCategoryCode>economy</gmd:MD_TopicCategoryCode>
            </gmd:topicCategory>
            <gmd:topicCategory>
                <gmd:MD_TopicCategoryCode>society</gmd:MD_TopicCategoryCode>
            </gmd:topicCategory>
            <gmd:topicCategory>
                <gmd:MD_TopicCategoryCode>elevation</gmd:MD_TopicCategoryCode>
            </gmd:topicCategory>
            <gmd:topicCategory>
                <gmd:MD_TopicCategoryCode>environment</gmd:MD_TopicCategoryCode>
            </gmd:topicCategory>
            <gmd:topicCategory>
                <gmd:MD_TopicCategoryCode>structure</gmd:MD_TopicCategoryCode>
            </gmd:topicCategory>
            <gmd:topicCategory>
                <gmd:MD_TopicCategoryCode>health</gmd:MD_TopicCategoryCode>
            </gmd:topicCategory>
            <gmd:topicCategory>
                <gmd:MD_TopicCategoryCode>imageryBaseMapsEarthCover</gmd:MD_TopicCategoryCode>
            </gmd:topicCategory>
            <gmd:topicCategory>
                <gmd:MD_TopicCategoryCode>inlandWaters</gmd:MD_TopicCategoryCode>
            </gmd:topicCategory>
            <gmd:topicCategory>
                <gmd:MD_TopicCategoryCode>location</gmd:MD_TopicCategoryCode>
            </gmd:topicCategory>
            <gmd:topicCategory>
                <gmd:MD_TopicCategoryCode>oceans</gmd:MD_TopicCategoryCode>
            </gmd:topicCategory>
            <gmd:topicCategory>
                <gmd:MD_TopicCategoryCode>transportation</gmd:MD_TopicCategoryCode>
            </gmd:topicCategory>
            <gmd:topicCategory>
                <gmd:MD_TopicCategoryCode>utilitiesCommunication</gmd:MD_TopicCategoryCode>
            </gmd:topicCategory>
            <gmd:extent>
                <gmd:EX_Extent>
                    <gmd:geographicElement>
                        <gmd:EX_GeographicBoundingBox>
                            <gmd:westBoundLongitude>

                                <gco:Decimal>-12</gco:Decimal>
                            </gmd:westBoundLongitude>
                            <gmd:eastBoundLongitude>

                                <gco:Decimal>-11</gco:Decimal>
                            </gmd:eastBoundLongitude>
                            <gmd:southBoundLatitude>
                                <gco:Decimal>13</gco:Decimal>
                            </gmd:southBoundLatitude>
                            <gmd:northBoundLatitude>
                                <gco:Decimal>14</gco:Decimal>
                            </gmd:northBoundLatitude>
                        </gmd:EX_GeographicBoundingBox>
                    </gmd:geographicElement>
                </gmd:EX_Extent>
            </gmd:extent>
        </gmd:MD_DataIdentification>
    </gmd:identificationInfo>
    <gmd:distributionInfo>
        <gmd:MD_Distribution>
            <gmd:distributionFormat>
                <gmd:MD_Format>
                    <gmd:name>
                        <gco:CharacterString>Shape - ESRI™</gco:CharacterString>
                    </gmd:name>
                    <gmd:version>
                        <gco:CharacterString>01 (juillet 1998)</gco:CharacterString>
                    </gmd:version>
                </gmd:MD_Format>
            </gmd:distributionFormat>
            <gmd:transferOptions>
                <gmd:MD_DigitalTransferOptions>
                    <gmd:onLine>
                        <gmd:CI_OnlineResource>
                            <gmd:linkage>
                                <gmd:URL>http://www.basegeo.gouv.sn</gmd:URL>
                            </gmd:linkage>
                            <gmd:function>
                                <gmd:CI_OnLineFunctionCode codeList="http://www.isotc211.org/2005/resources/Codelist/gmxCodelists.xml#CI_OnLineFunctionCode" codeListValue="download" codeSpace="ISOTC211/19115">download</gmd:CI_OnLineFunctionCode>
                            </gmd:function>
                        </gmd:CI_OnlineResource>
                    </gmd:onLine>
                </gmd:MD_DigitalTransferOptions>
            </gmd:transferOptions>
        </gmd:MD_Distribution>
    </gmd:distributionInfo>
    <gmd:dataQualityInfo>
        <gmd:DQ_DataQuality>
            <gmd:scope>
                <gmd:DQ_Scope>
                    <gmd:level>
                        <gmd:MD_ScopeCode codeList="http://www.isotc211.org/2005/resources/Codelist/gmxCodelists.xml#MD_ScopeCode" codeListValue="dataset" codeSpace="ISOTC211/19115">dataset</gmd:MD_ScopeCode>
                    </gmd:level>
                </gmd:DQ_Scope>
            </gmd:scope>
            <gmd:lineage>
                <gmd:LI_Lineage>
                    <gmd:statement>
                        <gco:CharacterString>Les données de la collection topographique à l’échelle 1/200 000 ont été structurées et normalisées par le projet d’appui canadien au plan national de géomatique du Sénégal en 2014 à partir des données de représentation existantes dans le format Freehand issues du projet de Réfection de la Carte du Sénégal à l’échelle du 1 / 200 000 (IGN/DTGC 2004).

                        Les données ont été modifiées afin d’être conformes au catalogue d’entités de la collection 1/ 200 000 définie selon la norme ISO 19110. Les données ont été géoréférencées et structurées pour l’intégration dans une base de données. Dans la mesure du possible, toutes les données ont été conservées, et aucune mise à jour n’a été effectuée durant le processus. Seules les courbes de niveau ont été régénérées à partir du  produit Élévation 90m.
                        </gco:CharacterString>
                    </gmd:statement>
                </gmd:LI_Lineage>
            </gmd:lineage>
        </gmd:DQ_DataQuality>
    </gmd:dataQualityInfo>
</gmd:MD_Metadata>